"","x","y","Co","Ni"
"1",0,0,13.8065805435181,30.9899463653564
"2",100,0,11.9606409072876,25.9089221954346
"3",200,0,8.74210071563721,25.617748260498
"4",300,0,14.0479688644409,23.7712287902832
"5",400,0,15.7273330688477,27.3673362731934
"6",500,0,20.8214912414551,29.1615123748779
"7",600,0,21.7961750030518,30.180721282959
"8",700,0,16.3759632110596,22.0307788848877
"9",800,0,19.0355777740479,26.2820148468018
"10",900,0,17.0096073150635,21.240161895752
"32",0,100,12.6039943695068,26.9634742736816
"33",100,100,12.2663888931274,25.9963912963867
"34",200,100,6.39565849304199,24.5322494506836
"35",300,100,11.0589017868042,15.7952566146851
"36",400,100,23.6992168426514,22.5697708129883
"37",500,100,14.7104921340942,31.6753845214844
"38",600,100,18.379243850708,33.6532287597656
"39",700,100,15.31605052948,29.746976852417
"40",800,100,6.69496393203735,31.1833419799805
"41",900,100,14.3952169418335,26.0360069274902
"63",0,200,11.1530780792236,30.2479686737061
"64",100,200,21.221887588501,25.2102088928223
"65",200,200,9.89585113525391,21.4038772583008
"66",300,200,17.370906829834,26.7684555053711
"67",400,200,17.4981269836426,25.4036064147949
"68",500,200,12.6475954055786,29.1152782440186
"69",600,200,16.0770359039307,27.3322238922119
"70",700,200,15.0667629241943,31.4602222442627
"71",800,200,9.17708969116211,29.6105213165283
"72",900,200,11.2973756790161,31.2034397125244
"94",0,300,21.2025890350342,36.5538635253906
"95",100,300,18.7129287719727,29.2425861358643
"96",200,300,16.8071136474609,22.0840263366699
"97",300,300,16.5957317352295,22.5157794952393
"98",400,300,21.0999546051025,23.4191284179688
"99",500,300,12.8882703781128,27.1026782989502
"100",600,300,12.6296615600586,28.5237255096436
"101",700,300,18.3692264556885,28.492259979248
"102",800,300,15.5589065551758,25.2616138458252
"103",900,300,14.3339366912842,25.8898792266846
"125",0,400,12.1285762786865,27.9009494781494
"126",100,400,18.6114768981934,25.0001316070557
"127",200,400,18.6739845275879,20.6518058776855
"128",300,400,20.1115951538086,19.4320049285889
"129",400,400,22.403112411499,22.6341533660889
"130",500,400,19.4333610534668,28.2169075012207
"131",600,400,15.6511812210083,27.8523750305176
"132",700,400,12.2950668334961,29.6841354370117
"133",800,400,13.3278770446777,27.1154899597168
"134",900,400,17.3535499572754,28.4881725311279
"156",0,500,12.402759552002,28.6082992553711
"157",100,500,18.042875289917,28.7849426269531
"158",200,500,19.1565322875977,21.5669612884521
"159",300,500,24.3681507110596,19.3159008026123
"160",400,500,18.9034328460693,27.058723449707
"161",500,500,20.1408081054688,31.0616569519043
"162",600,500,12.8034133911133,30.0761566162109
"163",700,500,17.4361629486084,27.8975887298584
"164",800,500,16.6383895874023,35.0586242675781
"165",900,500,12.7895965576172,34.0226860046387
"187",0,600,10.68577003479,23.2961254119873
"188",100,600,13.3436622619629,25.8014659881592
"189",200,600,19.0410766601562,24.8707485198975
"190",300,600,16.8594913482666,16.9165096282959
"191",400,600,17.6929016113281,24.7841644287109
"192",500,600,20.0267505645752,24.9296283721924
"193",600,600,13.611967086792,19.8984375
"194",700,600,11.5113897323608,27.7903861999512
"195",800,600,20.576000213623,30.5326538085938
"196",900,600,15.167688369751,27.1621284484863
"218",0,700,7.80487823486328,27.4779624938965
"219",100,700,16.5621700286865,34.3059883117676
"220",200,700,16.8998508453369,32.6503791809082
"221",300,700,20.5072631835938,25.7531681060791
"222",400,700,20.5778255462646,24.556245803833
"223",500,700,19.8057880401611,23.3294734954834
"224",600,700,18.4602737426758,19.8193264007568
"225",700,700,21.7924423217773,20.2820835113525
"226",800,700,15.4648332595825,22.4877681732178
"227",900,700,14.8008136749268,21.8111896514893
"249",0,800,15.5068655014038,31.035343170166
"250",100,800,16.5653419494629,28.2175006866455
"251",200,800,17.9773387908936,27.916482925415
"252",300,800,19.6816253662109,23.2655563354492
"253",400,800,17.3640613555908,24.8829803466797
"254",500,800,12.5918884277344,24.6409912109375
"255",600,800,11.8379135131836,21.0673084259033
"256",700,800,16.6583194732666,20.7276973724365
"257",800,800,20.2723541259766,19.629919052124
"258",900,800,17.1248054504395,25.2871475219727
"280",0,900,17.3033618927002,20.3846626281738
"281",100,900,14.960620880127,30.0143795013428
"282",200,900,13.1066846847534,29.2344245910645
"283",300,900,16.0686378479004,23.101583480835
"284",400,900,16.2463893890381,27.4067096710205
"285",500,900,20.9695529937744,22.4040470123291
"286",600,900,16.0804424285889,18.2733535766602
"287",700,900,14.5682344436646,14.6226758956909
"288",800,900,16.3363609313965,21.4472522735596
"289",900,900,12.2228488922119,18.5765819549561
"311",0,1000,17.1950225830078,26.8158149719238
"312",100,1000,11.9444828033447,23.8503170013428
"313",200,1000,16.8221206665039,26.5530052185059
"314",300,1000,16.3491020202637,33.646068572998
"315",400,1000,19.4252605438232,26.9409980773926
"316",500,1000,16.0084247589111,23.4132213592529
"317",600,1000,15.2903213500977,18.3001346588135
"318",700,1000,19.92405128479,17.9545192718506
"319",800,1000,19.5761451721191,20.2216320037842
"320",900,1000,16.2747383117676,17.2813129425049
"342",0,1100,16.2717094421387,32.074089050293
"343",100,1100,10.7218399047852,35.3436889648438
"344",200,1100,17.3448181152344,20.1864795684814
"345",300,1100,16.9492454528809,21.2832584381104
"346",400,1100,18.3253688812256,22.3272666931152
"347",500,1100,20.1018905639648,25.8151721954346
"348",600,1100,12.8712167739868,23.8067684173584
"349",700,1100,16.2281036376953,22.3236141204834
"350",800,1100,14.7033615112305,18.0432758331299
"351",900,1100,17.8742561340332,29.0038166046143
"373",0,1200,16.1175537109375,35.3458824157715
"374",100,1200,16.2239589691162,31.0753269195557
"375",200,1200,20.5643157958984,23.7744998931885
"376",300,1200,14.7906980514526,25.471851348877
"377",400,1200,15.8503065109253,36.1135940551758
"378",500,1200,17.4230003356934,30.2471370697021
"379",600,1200,12.4329147338867,24.073070526123
"380",700,1200,14.2937669754028,23.901668548584
"381",800,1200,12.1375961303711,27.1795215606689
"382",900,1200,6.91368627548218,23.0131931304932
"404",0,1300,16.3011741638184,23.9722061157227
"405",100,1300,17.4162197113037,27.0511627197266
"406",200,1300,15.5173940658569,28.4246311187744
"407",300,1300,11.2332572937012,18.0048770904541
"408",400,1300,21.054105758667,26.9201564788818
"409",500,1300,13.0446300506592,32.097770690918
"410",600,1300,21.2411403656006,22.785852432251
"411",700,1300,16.2531280517578,23.1393299102783
"412",800,1300,7.30718231201172,25.906229019165
"413",900,1300,12.998363494873,25.0083999633789
"435",0,1400,14.2478551864624,25.7631645202637
"436",100,1400,13.9129047393799,27.006368637085
"437",200,1400,11.4885444641113,25.3755931854248
"438",300,1400,18.2288990020752,32.4356346130371
"439",400,1400,19.6748714447021,26.552490234375
"440",500,1400,11.2635335922241,23.462194442749
"441",600,1400,10.9390830993652,20.9540748596191
"442",700,1400,18.4054794311523,20.7107391357422
"443",800,1400,8.92380809783936,26.6349906921387
"444",900,1400,11.8534984588623,33.0097618103027
"466",0,1500,14.4877986907959,21.8233375549316
"467",100,1500,15.2477979660034,26.6575374603271
"468",200,1500,17.7795238494873,28.3946075439453
"469",300,1500,16.7725658416748,26.1001415252686
"470",400,1500,13.7567987442017,25.3333053588867
"471",500,1500,12.3722867965698,14.616660118103
"472",600,1500,19.1964874267578,23.119701385498
"473",700,1500,18.1545715332031,23.8261432647705
"474",800,1500,18.7002544403076,24.9520664215088
"475",900,1500,11.5366353988647,27.7007999420166
"497",0,1600,12.3483810424805,27.9146327972412
"498",100,1600,14.3803081512451,26.8008213043213
"499",200,1600,10.3573179244995,29.1831150054932
"500",300,1600,10.0011548995972,26.6809406280518
"501",400,1600,17.4627418518066,23.7535552978516
"502",500,1600,14.930118560791,26.6899566650391
"503",600,1600,14.51416015625,19.1903762817383
"504",700,1600,23.9130859375,28.2963714599609
"505",800,1600,17.0201988220215,21.021125793457
"506",900,1600,17.3426303863525,23.6025848388672
"528",0,1700,14.725980758667,22.26438331604
"529",100,1700,9.9758939743042,21.4421100616455
"530",200,1700,12.5190763473511,25.5582447052002
"531",300,1700,13.7256011962891,27.1678428649902
"532",400,1700,9.93739986419678,21.0365772247314
"533",500,1700,11.7114849090576,26.0164489746094
"534",600,1700,13.8686561584473,25.2004776000977
"535",700,1700,11.66930103302,25.1578311920166
"536",800,1700,14.0340299606323,24.1991939544678
"537",900,1700,9.61024570465088,23.1758098602295
"559",0,1800,17.5438785552979,21.3596954345703
"560",100,1800,10.9603271484375,18.5682163238525
"561",200,1800,16.9590740203857,23.0455665588379
"562",300,1800,10.5620765686035,24.0319709777832
"563",400,1800,13.6349992752075,18.2089195251465
"564",500,1800,15.2993011474609,25.4144420623779
"565",600,1800,12.5079936981201,22.1758937835693
"566",700,1800,8.63907623291016,23.5577640533447
"567",800,1800,11.6385765075684,18.2058506011963
"568",900,1800,12.4176769256592,19.6628646850586
"590",0,1900,18.0929012298584,21.1408138275146
"591",100,1900,12.1691741943359,19.2009391784668
"592",200,1900,12.5987825393677,25.2243976593018
"593",300,1900,12.9333114624023,20.5779933929443
"594",400,1900,14.6243515014648,19.3216781616211
"595",500,1900,16.1362190246582,23.9967727661133
"596",600,1900,11.7278804779053,23.7536220550537
"597",700,1900,11.1809597015381,25.1995983123779
"598",800,1900,10.3706684112549,17.9223785400391
"599",900,1900,12.7112083435059,19.7977638244629
"621",0,2000,21.3623313903809,14.304461479187
"622",100,2000,18.0163803100586,25.9030265808105
"623",200,2000,16.6383934020996,25.9951190948486
"624",300,2000,12.8520021438599,22.9564952850342
"625",400,2000,11.8938980102539,29.3514251708984
"626",500,2000,16.0908031463623,17.7437038421631
"627",600,2000,14.592432975769,21.9687614440918
"628",700,2000,10.6701736450195,21.7836151123047
"629",800,2000,11.4786424636841,20.3309097290039
"630",900,2000,7.03804922103882,20.4465866088867
"652",0,2100,18.7172222137451,23.1056823730469
"653",100,2100,12.9746761322021,20.7577381134033
"654",200,2100,18.3203716278076,21.7107696533203
"655",300,2100,17.1498584747314,22.6596946716309
"656",400,2100,13.9738216400146,21.3685646057129
"657",500,2100,8.60577487945557,24.9020881652832
"658",600,2100,13.2025289535522,26.7949924468994
"659",700,2100,13.6571044921875,23.2234992980957
"660",800,2100,5.19826698303223,20.6528472900391
"661",900,2100,10.9277248382568,23.4081554412842
"683",0,2200,19.0063343048096,30.5235729217529
"684",100,2200,14.3370580673218,20.9821033477783
"685",200,2200,12.0179996490479,14.4766597747803
"686",300,2200,13.0461578369141,24.1599636077881
"687",400,2200,13.5722913742065,15.3831949234009
"688",500,2200,12.1596212387085,23.3437023162842
"689",600,2200,14.7785549163818,23.1518878936768
"690",700,2200,15.2967548370361,21.8314170837402
"691",800,2200,13.9970893859863,24.688304901123
"692",900,2200,9.52555465698242,27.2590045928955
"714",0,2300,11.4632301330566,30.7947216033936
"715",100,2300,18.5414543151855,25.7739887237549
"716",200,2300,18.5769824981689,27.1478977203369
"717",300,2300,10.8773422241211,22.5573177337646
"718",400,2300,9.89109039306641,17.0856170654297
"719",500,2300,17.0363788604736,20.0073528289795
"720",600,2300,13.2720537185669,18.7401905059814
"721",700,2300,12.3917207717896,21.942310333252
"722",800,2300,8.4965181350708,21.7375621795654
"723",900,2300,12.4587297439575,20.1485862731934
"745",0,2400,17.8986148834229,28.3081398010254
"746",100,2400,21.3772583007812,28.1166954040527
"747",200,2400,14.3463134765625,24.2696266174316
"748",300,2400,14.6694946289062,19.1567726135254
"749",400,2400,6.73073577880859,20.9323825836182
"750",500,2400,12.5887546539307,24.075719833374
"751",600,2400,13.321141242981,26.3905200958252
"752",700,2400,17.2311687469482,20.8273124694824
"753",800,2400,5.67121267318726,23.2670917510986
"754",900,2400,13.05286693573,15.8313589096069
"776",0,2500,11.5741357803345,28.7028350830078
"777",100,2500,18.7779483795166,22.7793254852295
"778",200,2500,17.3785247802734,25.0830249786377
"779",300,2500,12.9809665679932,20.7628746032715
"780",400,2500,13.4591274261475,17.2740917205811
"781",500,2500,14.9583415985107,23.6219387054443
"782",600,2500,14.3535814285278,29.1474838256836
"783",700,2500,17.0496807098389,30.0734882354736
"784",800,2500,19.5355453491211,22.8191719055176
"785",900,2500,19.4662132263184,19.000036239624
"807",0,2600,9.60545539855957,27.1525001525879
"808",100,2600,12.9703311920166,26.1726531982422
"809",200,2600,12.4888639450073,22.8954811096191
"810",300,2600,12.9586248397827,23.354944229126
"811",400,2600,12.8825712203979,24.25244140625
"812",500,2600,9.82857704162598,25.9166221618652
"813",600,2600,13.8161058425903,26.2043151855469
"814",700,2600,12.1151762008667,31.7019214630127
"815",800,2600,18.3602962493896,26.3463687896729
"816",900,2600,18.4571552276611,28.1307716369629
"838",0,2700,18.7221870422363,22.6118087768555
"839",100,2700,10.2883329391479,25.1529197692871
"840",200,2700,10.9824838638306,27.263822555542
"841",300,2700,11.9451742172241,21.6758270263672
"842",400,2700,14.7471036911011,23.2652549743652
"843",500,2700,14.4585399627686,26.9885673522949
"844",600,2700,10.2886962890625,28.825439453125
"845",700,2700,11.5720291137695,26.7393455505371
"846",800,2700,12.4574766159058,26.9473533630371
"847",900,2700,16.9675254821777,26.8770389556885
"869",0,2800,20.2136211395264,27.1678009033203
"870",100,2800,17.8127822875977,28.8310356140137
"871",200,2800,17.6822128295898,26.1098251342773
"872",300,2800,10.4377479553223,19.8651332855225
"873",400,2800,8.63735580444336,24.956995010376
"874",500,2800,10.9310684204102,20.8884925842285
"875",600,2800,10.6728744506836,22.7007999420166
"876",700,2800,15.0224533081055,23.8257522583008
"877",800,2800,17.7605571746826,25.9987659454346
"878",900,2800,12.4092454910278,25.9559955596924
"900",0,2900,18.4782447814941,22.3582592010498
"901",100,2900,21.1641120910645,31.6250629425049
"902",200,2900,21.054744720459,18.6872901916504
"903",300,2900,19.5079402923584,26.0350894927979
"904",400,2900,10.7655792236328,25.6574726104736
"905",500,2900,13.2861337661743,22.9771366119385
"906",600,2900,17.659330368042,20.4208488464355
"907",700,2900,14.5689067840576,15.5915412902832
"908",800,2900,15.5237150192261,24.5381298065186
"909",900,2900,14.0487995147705,21.2684154510498
"931",0,3000,13.7345733642578,22.7685031890869
"932",100,3000,14.9422664642334,21.3426761627197
"933",200,3000,22.4408073425293,21.4883308410645
"934",300,3000,21.21311378479,27.1615085601807
"935",400,3000,12.4494495391846,28.9414958953857
"936",500,3000,10.3844947814941,28.3966999053955
"937",600,3000,17.0206985473633,22.620777130127
"938",700,3000,18.204216003418,16.2106456756592
"939",800,3000,11.979471206665,16.7092342376709
"940",900,3000,17.1228008270264,24.7886657714844
"11",1000,0,6.84047889709473,6.35842180252075
"12",1100,0,4.43669605255127,12.5698099136353
"13",1200,0,2.65363359451294,15.1331729888916
"14",1300,0,9.44429588317871,17.1731376647949
"15",1400,0,10.0969820022583,18.7765464782715
"16",1500,0,4.0088996887207,25.5549755096436
"17",1600,0,10.855938911438,23.0958442687988
"18",1700,0,3.99814200401306,19.9084663391113
"19",1800,0,5.44375419616699,24.6076812744141
"20",1900,0,6.88221883773804,20.0999546051025
"21",2000,0,5.57106876373291,16.2408752441406
"22",2100,0,7.56205081939697,15.3234281539917
"23",2200,0,6.4817681312561,17.6087551116943
"24",2300,0,8.89448738098145,14.0561647415161
"25",2400,0,8.34465408325195,20.1061325073242
"26",2500,0,9.10287475585938,14.4664182662964
"27",2600,0,6.05848360061646,11.9973773956299
"28",2700,0,8.40537643432617,14.1606016159058
"29",2800,0,7.74343061447144,13.6136493682861
"30",2900,0,9.22153759002686,15.2788934707642
"31",3000,0,8.25490283966064,15.2937240600586
"42",1000,100,5.1499605178833,9.70457744598389
"43",1100,100,9.42906856536865,14.3705673217773
"44",1200,100,4.7666220664978,12.5337352752686
"45",1300,100,5.52261877059937,16.651403427124
"46",1400,100,5.62157535552979,21.509204864502
"47",1500,100,3.7229950428009,20.7725849151611
"48",1600,100,3.59800338745117,19.2319889068604
"49",1700,100,6.18510055541992,17.9728221893311
"50",1800,100,7.33037424087524,20.2360801696777
"51",1900,100,8.89366817474365,23.2270660400391
"52",2000,100,7.73949432373047,18.5489101409912
"53",2100,100,6.54633951187134,15.0758619308472
"54",2200,100,10.1047334671021,19.9964389801025
"55",2300,100,11.81809425354,19.857271194458
"56",2400,100,11.86829662323,19.1509189605713
"57",2500,100,11.3969192504883,16.8322143554688
"58",2600,100,7.25584936141968,13.6668405532837
"59",2700,100,6.62738227844238,13.0814113616943
"60",2800,100,7.34387016296387,10.3892860412598
"61",2900,100,6.90937328338623,10.50892162323
"62",3000,100,8.68564701080322,10.1858415603638
"73",1000,200,4.34982347488403,9.2224817276001
"74",1100,200,5.81753730773926,17.3148880004883
"75",1200,200,6.71672105789185,14.6066303253174
"76",1300,200,5.17395687103271,15.2094745635986
"77",1400,200,6.26589250564575,18.5764274597168
"78",1500,200,5.35798263549805,19.5930614471436
"79",1600,200,4.02964782714844,17.5175266265869
"80",1700,200,5.82782173156738,17.7182102203369
"81",1800,200,8.48035621643066,18.643726348877
"82",1900,200,6.7686243057251,20.9621906280518
"83",2000,200,7.05783224105835,18.7809200286865
"84",2100,200,11.1383657455444,13.3973188400269
"85",2200,200,12.5768241882324,14.9125471115112
"86",2300,200,10.8619594573975,15.8411931991577
"87",2400,200,10.9711656570435,17.6611747741699
"88",2500,200,6.99979448318481,17.7858371734619
"89",2600,200,4.17660331726074,17.5379734039307
"90",2700,200,2.32548999786377,15.7558164596558
"91",2800,200,5.38266897201538,11.9738454818726
"92",2900,200,6.8714804649353,4.44835138320923
"93",3000,200,4.83520412445068,9.84834384918213
"104",1000,300,7.509934425354,14.3951959609985
"105",1100,300,12.3474054336548,10.4636192321777
"106",1200,300,6.82548427581787,13.0188035964966
"107",1300,300,6.486008644104,16.4838485717773
"108",1400,300,6.12981939315796,19.8309841156006
"109",1500,300,3.64861845970154,18.7003974914551
"110",1600,300,6.16246652603149,19.7405338287354
"111",1700,300,8.30584907531738,20.6514911651611
"112",1800,300,10.2872791290283,19.5023384094238
"113",1900,300,4.32148885726929,17.178071975708
"114",2000,300,6.9641432762146,15.2391414642334
"115",2100,300,8.04395484924316,10.8742656707764
"116",2200,300,8.54184055328369,14.1991376876831
"117",2300,300,16.0911979675293,15.1241149902344
"118",2400,300,10.7784519195557,17.8949890136719
"119",2500,300,8.48501491546631,16.1054458618164
"120",2600,300,5.30044984817505,17.6526222229004
"121",2700,300,9.9755220413208,12.0705738067627
"122",2800,300,5.04593992233276,7.2742600440979
"123",2900,300,7.70951461791992,8.13711166381836
"124",3000,300,11.4499616622925,11.0974807739258
"135",1000,400,5.97177267074585,10.181981086731
"136",1100,400,4.70436477661133,11.5490112304688
"137",1200,400,5.22635889053345,11.059986114502
"138",1300,400,1.90343534946442,12.7595462799072
"139",1400,400,5.62795972824097,14.0073518753052
"140",1500,400,3.43818306922913,19.3416156768799
"141",1600,400,7.31327390670776,19.2356510162354
"142",1700,400,8.67696762084961,18.5728435516357
"143",1800,400,8.0958366394043,17.7199897766113
"144",1900,400,8.37236976623535,18.8096675872803
"145",2000,400,7.28704404830933,14.7708969116211
"146",2100,400,9.43509006500244,14.5313177108765
"147",2200,400,11.2687473297119,14.5633869171143
"148",2300,400,14.9982261657715,15.0817079544067
"149",2400,400,13.0349178314209,17.8305740356445
"150",2500,400,10.041051864624,14.3529653549194
"151",2600,400,7.29893350601196,14.0677423477173
"152",2700,400,10.6858711242676,11.0118608474731
"153",2800,400,6.08084678649902,7.90214729309082
"154",2900,400,10.7676668167114,11.1121530532837
"155",3000,400,7.44029521942139,14.0226583480835
"166",1000,500,6.46585941314697,11.8031024932861
"167",1100,500,5.30760097503662,13.5869207382202
"168",1200,500,2.2397894859314,13.3303804397583
"169",1300,500,5.46268558502197,11.833083152771
"170",1400,500,4.74210166931152,9.63512897491455
"171",1500,500,3.48118782043457,13.1688394546509
"172",1600,500,8.06344223022461,16.2447910308838
"173",1700,500,9.23244571685791,15.5507001876831
"174",1800,500,9.36406517028809,15.7264623641968
"175",1900,500,7.53967332839966,14.8791856765747
"176",2000,500,8.17672920227051,11.3082885742188
"177",2100,500,10.751974105835,12.1992378234863
"178",2200,500,13.3568906784058,11.4829359054565
"179",2300,500,11.6676378250122,14.8323059082031
"180",2400,500,9.46113967895508,17.7284107208252
"181",2500,500,10.9067678451538,14.0152006149292
"182",2600,500,9.07180786132812,16.1665439605713
"183",2700,500,11.4910888671875,16.5344276428223
"184",2800,500,12.5641603469849,13.7836923599243
"185",2900,500,10.2582759857178,9.14291572570801
"186",3000,500,5.83822393417358,10.345235824585
"197",1000,600,7.86309576034546,13.2113809585571
"198",1100,600,9.58915424346924,14.9087743759155
"199",1200,600,8.11233997344971,13.9006357192993
"200",1300,600,9.49463272094727,16.1738739013672
"201",1400,600,7.82233428955078,14.9819040298462
"202",1500,600,7.61217308044434,14.5401105880737
"203",1600,600,6.15975332260132,19.8646469116211
"204",1700,600,8.66408157348633,15.9717693328857
"205",1800,600,9.61539936065674,15.8442010879517
"206",1900,600,8.94894790649414,11.2006559371948
"207",2000,600,3.7362654209137,8.81344223022461
"208",2100,600,9.7081298828125,10.0908060073853
"209",2200,600,11.1573963165283,13.4117803573608
"210",2300,600,11.1686687469482,14.8457698822021
"211",2400,600,11.7913990020752,16.5464534759521
"212",2500,600,13.6102952957153,14.7283496856689
"213",2600,600,7.65277433395386,17.438455581665
"214",2700,600,11.0806617736816,13.2837753295898
"215",2800,600,10.3330535888672,12.9650459289551
"216",2900,600,9.04439640045166,9.52371788024902
"217",3000,600,10.2693357467651,12.7504587173462
"228",1000,700,10.5870504379272,17.7359638214111
"229",1100,700,10.6940975189209,17.5291213989258
"230",1200,700,8.48377990722656,15.0408658981323
"231",1300,700,6.20167446136475,14.2076053619385
"232",1400,700,4.79238796234131,17.6244163513184
"233",1500,700,7.20400190353394,16.738805770874
"234",1600,700,8.34687328338623,15.3295679092407
"235",1700,700,8.8819408416748,16.7645645141602
"236",1800,700,7.73405981063843,17.1914730072021
"237",1900,700,5.38704824447632,13.4344778060913
"238",2000,700,2.94068908691406,11.6606922149658
"239",2100,700,6.59186601638794,14.13698387146
"240",2200,700,8.01791286468506,16.1913166046143
"241",2300,700,10.9997787475586,18.5542583465576
"242",2400,700,15.4888076782227,15.8922462463379
"243",2500,700,13.9044256210327,14.346489906311
"244",2600,700,9.65627479553223,12.9301309585571
"245",2700,700,13.4823770523071,12.2429180145264
"246",2800,700,13.2613916397095,15.4007129669189
"247",2900,700,10.001856803894,15.0931272506714
"248",3000,700,11.6068124771118,11.9213533401489
"259",1000,800,10.5238618850708,14.0944690704346
"260",1100,800,12.1718091964722,16.400390625
"261",1200,800,6.67874145507812,20.2603435516357
"262",1300,800,10.0746297836304,19.3070526123047
"263",1400,800,8.38168430328369,20.2127780914307
"264",1500,800,7.73778390884399,16.9599761962891
"265",1600,800,7.48850631713867,19.4643974304199
"266",1700,800,6.49282884597778,19.0820960998535
"267",1800,800,3.88676643371582,18.1469821929932
"268",1900,800,0.765974283218384,16.9301643371582
"269",2000,800,1.5413293838501,10.7937040328979
"270",2100,800,4.65479421615601,14.1592283248901
"271",2200,800,4.46862697601318,16.3456134796143
"272",2300,800,11.7242994308472,18.1478862762451
"273",2400,800,11.9975137710571,19.0396976470947
"274",2500,800,9.7465877532959,13.0188627243042
"275",2600,800,9.35891723632812,12.7376079559326
"276",2700,800,9.63801574707031,16.8125629425049
"277",2800,800,11.3797655105591,17.8940105438232
"278",2900,800,14.5418901443481,13.6611967086792
"279",3000,800,12.950963973999,14.5310125350952
"290",1000,900,10.7213459014893,16.436107635498
"291",1100,900,8.71007442474365,21.8609371185303
"292",1200,900,11.6540775299072,16.415699005127
"293",1300,900,9.15143871307373,18.2022304534912
"294",1400,900,8.79777240753174,16.182653427124
"295",1500,900,6.57152128219604,16.2341766357422
"296",1600,900,8.07912921905518,18.9524898529053
"297",1700,900,5.55835342407227,18.3994636535645
"298",1800,900,2.8979389667511,19.6575222015381
"299",1900,900,6.2391881942749,15.406623840332
"300",2000,900,4.58996391296387,13.7735280990601
"301",2100,900,3.20534539222717,18.7428970336914
"302",2200,900,4.40663766860962,19.7657108306885
"303",2300,900,10.2561960220337,14.9741363525391
"304",2400,900,10.0586595535278,15.9799070358276
"305",2500,900,10.7089242935181,15.0027389526367
"306",2600,900,8.62966632843018,14.5834312438965
"307",2700,900,9.67472839355469,12.7528047561646
"308",2800,900,11.6498613357544,15.1238536834717
"309",2900,900,12.9586048126221,15.1404542922974
"310",3000,900,10.7804527282715,19.0905532836914
"321",1000,1000,9.30373573303223,17.2039909362793
"322",1100,1000,8.20520114898682,20.280122756958
"323",1200,1000,4.46110963821411,18.5789852142334
"324",1300,1000,10.7153949737549,14.2850294113159
"325",1400,1000,7.20972537994385,15.2538213729858
"326",1500,1000,5.46367645263672,14.4380931854248
"327",1600,1000,6.14229393005371,17.6437339782715
"328",1700,1000,10.0066394805908,15.2123746871948
"329",1800,1000,8.14158821105957,17.5177268981934
"330",1900,1000,6.164954662323,16.380241394043
"331",2000,1000,3.67294931411743,16.7536468505859
"332",2100,1000,9.79547500610352,17.3088912963867
"333",2200,1000,4.56526470184326,18.1396427154541
"334",2300,1000,8.5765962600708,14.0065412521362
"335",2400,1000,9.03822803497314,16.2900981903076
"336",2500,1000,8.53942966461182,17.2689685821533
"337",2600,1000,8.6996898651123,16.9100704193115
"338",2700,1000,11.6686115264893,16.5686588287354
"339",2800,1000,8.46690273284912,17.0632915496826
"340",2900,1000,10.38929271698,17.9748630523682
"341",3000,1000,8.37337684631348,20.1293392181396
"352",1000,1100,9.57829666137695,14.60378074646
"353",1100,1100,11.8649806976318,19.9183540344238
"354",1200,1100,7.48795890808105,17.7334976196289
"355",1300,1100,8.84583473205566,12.8691873550415
"356",1400,1100,4.46067237854004,15.758843421936
"357",1500,1100,5.7726902961731,15.3072500228882
"358",1600,1100,9.55237102508545,17.4458713531494
"359",1700,1100,4.11841249465942,18.0545864105225
"360",1800,1100,5.57265853881836,14.5547389984131
"361",1900,1100,6.92319440841675,19.1876602172852
"362",2000,1100,5.1551251411438,17.1564083099365
"363",2100,1100,4.58783340454102,19.5525493621826
"364",2200,1100,5.11571550369263,15.3701400756836
"365",2300,1100,9.49954891204834,15.7261896133423
"366",2400,1100,8.08074188232422,14.7439422607422
"367",2500,1100,9.79829025268555,14.4788084030151
"368",2600,1100,7.09783172607422,17.3979873657227
"369",2700,1100,7.19843196868896,15.6535034179688
"370",2800,1100,7.63102054595947,17.4328842163086
"371",2900,1100,7.1342511177063,20.2237033843994
"372",3000,1100,9.6229887008667,17.8989009857178
"383",1000,1200,7.66801643371582,13.9441204071045
"384",1100,1200,8.91508769989014,18.9189586639404
"385",1200,1200,8.62449359893799,15.9242134094238
"386",1300,1200,6.67198657989502,16.4439430236816
"387",1400,1200,9.29147434234619,18.3438606262207
"388",1500,1200,6.97446250915527,14.7894859313965
"389",1600,1200,7.01641130447388,15.1515502929688
"390",1700,1200,12.0535821914673,17.8537464141846
"391",1800,1200,10.6326608657837,20.0935497283936
"392",1900,1200,6.6826605796814,17.7846374511719
"393",2000,1200,6.8503794670105,13.9804582595825
"394",2100,1200,8.41475582122803,14.7542381286621
"395",2200,1200,12.3957443237305,15.3588066101074
"396",2300,1200,11.1772127151489,17.1176815032959
"397",2400,1200,11.3587474822998,18.1658420562744
"398",2500,1200,6.98500156402588,13.4796524047852
"399",2600,1200,8.65470790863037,14.3659915924072
"400",2700,1200,7.69767189025879,15.0844383239746
"401",2800,1200,8.99432945251465,15.5426206588745
"402",2900,1200,2.96652126312256,13.8465919494629
"403",3000,1200,9.66502952575684,14.8392028808594
"414",1000,1300,8.82771778106689,19.4607315063477
"415",1100,1300,9.15074157714844,17.3769187927246
"416",1200,1300,8.95767402648926,10.3822784423828
"417",1300,1300,9.17864608764648,11.2845411300659
"418",1400,1300,4.55754375457764,12.2409839630127
"419",1500,1300,8.19140815734863,11.5679979324341
"420",1600,1300,5.56507253646851,17.3447208404541
"421",1700,1300,6.36477708816528,21.0915489196777
"422",1800,1300,8.211350440979,17.0940380096436
"423",1900,1300,10.2945775985718,15.1467866897583
"424",2000,1300,7.60831499099731,17.4133853912354
"425",2100,1300,9.33837604522705,15.8108434677124
"426",2200,1300,11.5211963653564,12.3942289352417
"427",2300,1300,7.54372024536133,13.1532526016235
"428",2400,1300,8.30944347381592,13.7593984603882
"429",2500,1300,7.50302219390869,10.5557813644409
"430",2600,1300,5.79734468460083,11.0546312332153
"431",2700,1300,8.10377883911133,14.1804475784302
"432",2800,1300,7.44395399093628,10.9249992370605
"433",2900,1300,10.4092445373535,14.6595582962036
"434",3000,1300,6.97589206695557,14.1357345581055
"445",1000,1400,9.8115234375,18.1678466796875
"446",1100,1400,8.03487110137939,15.9287452697754
"447",1200,1400,10.0068588256836,9.53162097930908
"448",1300,1400,11.1982278823853,10.9994678497314
"449",1400,1400,8.84171390533447,11.4438209533691
"450",1500,1400,8.73271179199219,8.65027713775635
"451",1600,1400,4.99264669418335,15.0994081497192
"452",1700,1400,7.40407228469849,12.0492029190063
"453",1800,1400,9.32980442047119,16.9281425476074
"454",1900,1400,11.814977645874,13.3169937133789
"455",2000,1400,10.4495143890381,13.3263540267944
"456",2100,1400,9.51320171356201,12.4243431091309
"457",2200,1400,6.76392889022827,11.2543115615845
"458",2300,1400,9.06593227386475,11.9856338500977
"459",2400,1400,8.37392234802246,10.6956148147583
"460",2500,1400,1.95146000385284,9.80464553833008
"461",2600,1400,6.12106418609619,7.94149446487427
"462",2700,1400,6.60845422744751,8.0129451751709
"463",2800,1400,6.37502431869507,8.47747325897217
"464",2900,1400,7.8532862663269,10.5444021224976
"465",3000,1400,5.80061101913452,14.5026159286499
"476",1000,1500,8.64640331268311,15.6299753189087
"477",1100,1500,9.68810844421387,15.8094816207886
"478",1200,1500,11.7417430877686,10.2813453674316
"479",1300,1500,9.87348651885986,11.1901788711548
"480",1400,1500,4.3352165222168,12.00390625
"481",1500,1500,6.29166507720947,13.719877243042
"482",1600,1500,8.13286685943604,12.844614982605
"483",1700,1500,10.2231884002686,14.7155103683472
"484",1800,1500,12.1087112426758,12.5114002227783
"485",1900,1500,14.7580499649048,16.5148544311523
"486",2000,1500,11.063307762146,13.5280656814575
"487",2100,1500,13.1317129135132,9.86743640899658
"488",2200,1500,8.2826681137085,9.94518566131592
"489",2300,1500,5.88966417312622,13.3729124069214
"490",2400,1500,4.54023694992065,9.76442050933838
"491",2500,1500,3.20361614227295,7.70317554473877
"492",2600,1500,5.84913682937622,5.78007555007935
"493",2700,1500,5.03549289703369,7.05337429046631
"494",2800,1500,5.58801984786987,6.25221824645996
"495",2900,1500,7.17349147796631,10.4278287887573
"496",3000,1500,8.73464107513428,10.2291955947876
"507",1000,1600,8.3594970703125,19.5058994293213
"508",1100,1600,12.8572912216187,17.5127983093262
"509",1200,1600,13.5676488876343,11.1897821426392
"510",1300,1600,7.53848505020142,12.4653854370117
"511",1400,1600,5.26232719421387,14.3774394989014
"512",1500,1600,8.54878425598145,14.5624465942383
"513",1600,1600,7.64164972305298,16.5304641723633
"514",1700,1600,11.3035917282104,13.2364139556885
"515",1800,1600,11.4539909362793,13.07483959198
"516",1900,1600,7.67613124847412,10.6343765258789
"517",2000,1600,10.249927520752,12.3813467025757
"518",2100,1600,12.0442132949829,12.5037689208984
"519",2200,1600,10.2858276367188,7.58968544006348
"520",2300,1600,4.61913156509399,12.903790473938
"521",2400,1600,4.33682107925415,5.83490180969238
"522",2500,1600,3.15394020080566,6.25606775283813
"523",2600,1600,4.61207103729248,4.66809701919556
"524",2700,1600,3.45458483695984,7.70026636123657
"525",2800,1600,6.35496473312378,9.67122650146484
"526",2900,1600,9.89826393127441,8.58821582794189
"527",3000,1600,15.5007696151733,13.292631149292
"538",1000,1700,11.8265647888184,18.7264423370361
"539",1100,1700,11.1246461868286,14.2549161911011
"540",1200,1700,13.7016019821167,12.4113883972168
"541",1300,1700,9.20927619934082,12.5941581726074
"542",1400,1700,10.4877099990845,12.2841024398804
"543",1500,1700,4.30890941619873,13.1459655761719
"544",1600,1700,9.30833625793457,10.4869451522827
"545",1700,1700,13.6519079208374,11.3314828872681
"546",1800,1700,14.122257232666,12.1782732009888
"547",1900,1700,12.5570106506348,10.4159288406372
"548",2000,1700,12.4046230316162,12.0007076263428
"549",2100,1700,12.0252361297607,10.2258710861206
"550",2200,1700,10.2565879821777,10.0326614379883
"551",2300,1700,10.9551572799683,9.91026496887207
"552",2400,1700,6.49621057510376,2.87273669242859
"553",2500,1700,4.23795366287231,9.40158557891846
"554",2600,1700,4.6130895614624,9.91614818572998
"555",2700,1700,3.42606353759766,13.8000411987305
"556",2800,1700,7.13046741485596,14.9616594314575
"557",2900,1700,9.64602947235107,16.9870510101318
"558",3000,1700,11.50159740448,16.0093479156494
"569",1000,1800,11.6845560073853,22.1807899475098
"570",1100,1800,7.04371786117554,15.3892431259155
"571",1200,1800,12.3862380981445,12.7543392181396
"572",1300,1800,12.1478652954102,13.3919401168823
"573",1400,1800,7.51402997970581,13.4281740188599
"574",1500,1800,6.02256393432617,13.101393699646
"575",1600,1800,9.41790103912354,10.1654319763184
"576",1700,1800,13.879264831543,9.93118286132812
"577",1800,1800,13.9663124084473,12.7684688568115
"578",1900,1800,10.1756620407104,14.9805765151978
"579",2000,1800,12.7775259017944,13.2071743011475
"580",2100,1800,11.959981918335,12.5251016616821
"581",2200,1800,13.0534801483154,11.457763671875
"582",2300,1800,6.98336172103882,8.39359951019287
"583",2400,1800,5.65467262268066,9.22268867492676
"584",2500,1800,7.23983716964722,14.5958909988403
"585",2600,1800,7.75960063934326,14.8775472640991
"586",2700,1800,7.70698404312134,12.5297908782959
"587",2800,1800,12.6196451187134,14.3740911483765
"588",2900,1800,12.2673358917236,15.8402462005615
"589",3000,1800,12.1813869476318,16.3246097564697
"600",1000,1900,12.9007596969604,18.2710094451904
"601",1100,1900,10.2522964477539,14.6784477233887
"602",1200,1900,10.752685546875,14.3293828964233
"603",1300,1900,8.53366756439209,14.6909551620483
"604",1400,1900,7.97991275787354,12.3252668380737
"605",1500,1900,9.23311996459961,15.1777009963989
"606",1600,1900,8.6494722366333,10.2336301803589
"607",1700,1900,14.1063251495361,8.67692947387695
"608",1800,1900,16.5836429595947,15.607497215271
"609",1900,1900,16.5165672302246,15.0006685256958
"610",2000,1900,13.0105962753296,13.8685159683228
"611",2100,1900,12.2335557937622,14.8654813766479
"612",2200,1900,11.5918493270874,11.7371673583984
"613",2300,1900,10.0386142730713,9.11143398284912
"614",2400,1900,8.48383903503418,13.0201187133789
"615",2500,1900,9.76707458496094,15.1354055404663
"616",2600,1900,10.546443939209,15.1940155029297
"617",2700,1900,10.2113180160522,14.1815538406372
"618",2800,1900,8.726975440979,11.5291481018066
"619",2900,1900,9.88015365600586,15.7361040115356
"620",3000,1900,12.850549697876,12.8149538040161
"631",1000,2000,9.80360221862793,21.4879570007324
"632",1100,2000,7.73108625411987,19.2656135559082
"633",1200,2000,11.2526683807373,17.6859378814697
"634",1300,2000,7.42298412322998,17.6512908935547
"635",1400,2000,6.71912860870361,15.244665145874
"636",1500,2000,10.666633605957,9.86292171478271
"637",1600,2000,11.4273633956909,9.7140474319458
"638",1700,2000,13.6779670715332,9.40169620513916
"639",1800,2000,19.6707382202148,12.7432775497437
"640",1900,2000,16.854700088501,15.5241050720215
"641",2000,2000,14.3162679672241,13.357328414917
"642",2100,2000,10.4790296554565,14.069787979126
"643",2200,2000,10.5227060317993,11.9135808944702
"644",2300,2000,8.60710620880127,12.3386077880859
"645",2400,2000,7.92535924911499,12.3206281661987
"646",2500,2000,8.72468185424805,15.101601600647
"647",2600,2000,10.6002969741821,13.2880887985229
"648",2700,2000,10.2427272796631,17.660083770752
"649",2800,2000,6.45979022979736,14.4671745300293
"650",2900,2000,10.5766401290894,14.3379564285278
"651",3000,2000,10.5570201873779,12.458722114563
"662",1000,2100,12.3266429901123,19.2592277526855
"663",1100,2100,10.5634756088257,21.5857353210449
"664",1200,2100,7.57121992111206,18.6839084625244
"665",1300,2100,9.32701873779297,21.6463661193848
"666",1400,2100,8.09945964813232,15.0497341156006
"667",1500,2100,8.59097194671631,2.73117113113403
"668",1600,2100,11.0103769302368,10.5690355300903
"669",1700,2100,14.0033931732178,12.5393466949463
"670",1800,2100,12.9730520248413,8.68185234069824
"671",1900,2100,11.5243263244629,7.56915760040283
"672",2000,2100,10.2286167144775,11.4948244094849
"673",2100,2100,12.4122762680054,14.3644895553589
"674",2200,2100,9.00460147857666,10.4266490936279
"675",2300,2100,5.05058288574219,11.8362741470337
"676",2400,2100,3.27404856681824,13.044038772583
"677",2500,2100,8.41835403442383,15.1559352874756
"678",2600,2100,10.3210515975952,17.3353137969971
"679",2700,2100,5.13421249389648,15.6555786132812
"680",2800,2100,10.2097263336182,16.0762977600098
"681",2900,2100,9.52960586547852,13.3343362808228
"682",3000,2100,9.01264476776123,12.3715696334839
"693",1000,2200,11.704852104187,21.7302989959717
"694",1100,2200,14.3605766296387,21.8606300354004
"695",1200,2200,13.5265808105469,23.2688426971436
"696",1300,2200,8.1368293762207,18.1279525756836
"697",1400,2200,7.23415946960449,15.0242338180542
"698",1500,2200,7.07052659988403,9.50916957855225
"699",1600,2200,10.7694034576416,9.20119285583496
"700",1700,2200,13.2565879821777,15.4604024887085
"701",1800,2200,10.9389085769653,12.6333866119385
"702",1900,2200,8.75356864929199,12.7703819274902
"703",2000,2200,8.60322189331055,10.43310546875
"704",2100,2200,12.0495939254761,9.53456211090088
"705",2200,2200,9.72707557678223,12.8850927352905
"706",2300,2200,10.6670875549316,15.9673824310303
"707",2400,2200,7.71990060806274,10.9783735275269
"708",2500,2200,6.81994295120239,16.1410980224609
"709",2600,2200,6.05279159545898,19.4405956268311
"710",2700,2200,9.23162174224854,18.0915336608887
"711",2800,2200,6.17751264572144,16.7618541717529
"712",2900,2200,4.7325177192688,16.7956600189209
"713",3000,2200,7.95246553421021,16.8026103973389
"724",1000,2300,13.7750339508057,22.4598083496094
"725",1100,2300,12.0085945129395,19.7248477935791
"726",1200,2300,11.850359916687,19.4802513122559
"727",1300,2300,7.66249656677246,18.8868656158447
"728",1400,2300,10.0814332962036,12.6157188415527
"729",1500,2300,9.47529411315918,14.7100868225098
"730",1600,2300,12.694260597229,13.6634902954102
"731",1700,2300,10.1559581756592,12.4104833602905
"732",1800,2300,11.8147029876709,14.4155492782593
"733",1900,2300,8.84074115753174,12.5296506881714
"734",2000,2300,11.002571105957,12.6970129013062
"735",2100,2300,12.3887062072754,13.7992153167725
"736",2200,2300,13.4537572860718,12.464747428894
"737",2300,2300,10.2911405563354,15.1678886413574
"738",2400,2300,5.98549556732178,12.0661764144897
"739",2500,2300,7.22096490859985,17.3974590301514
"740",2600,2300,7.55415868759155,19.8914966583252
"741",2700,2300,7.03108358383179,16.7105407714844
"742",2800,2300,5.11389780044556,15.6145029067993
"743",2900,2300,6.29030990600586,14.8066892623901
"744",3000,2300,7.55370140075684,17.6177101135254
"755",1000,2400,10.7727098464966,22.4688110351562
"756",1100,2400,11.1082515716553,16.941370010376
"757",1200,2400,13.1857414245605,12.8751401901245
"758",1300,2400,10.4963159561157,20.25705909729
"759",1400,2400,10.3547706604004,15.5323114395142
"760",1500,2400,8.10496711730957,16.8313446044922
"761",1600,2400,8.53264427185059,13.3885555267334
"762",1700,2400,7.77639484405518,14.0728139877319
"763",1800,2400,9.48357963562012,15.5235385894775
"764",1900,2400,10.3106126785278,16.276029586792
"765",2000,2400,11.407434463501,18.1539859771729
"766",2100,2400,12.7454862594604,17.9536991119385
"767",2200,2400,14.7954702377319,13.0075550079346
"768",2300,2400,10.0078144073486,13.4305620193481
"769",2400,2400,13.4442853927612,14.1078023910522
"770",2500,2400,10.6377782821655,13.2616300582886
"771",2600,2400,10.2539463043213,16.0090351104736
"772",2700,2400,7.85682344436646,13.5542488098145
"773",2800,2400,6.82282495498657,13.6919803619385
"774",2900,2400,7.46579647064209,16.4871597290039
"775",3000,2400,6.79443073272705,19.2069969177246
"786",1000,2500,8.75037956237793,12.3145055770874
"787",1100,2500,8.72686386108398,13.8855209350586
"788",1200,2500,7.96464061737061,11.3095617294312
"789",1300,2500,10.389181137085,14.2239570617676
"790",1400,2500,10.7908782958984,22.0055294036865
"791",1500,2500,8.09399700164795,17.4498176574707
"792",1600,2500,7.59985208511353,11.0565433502197
"793",1700,2500,6.27426958084106,12.7351531982422
"794",1800,2500,7.31877136230469,13.742730140686
"795",1900,2500,6.06176090240479,16.8424015045166
"796",2000,2500,13.6376543045044,15.5907106399536
"797",2100,2500,13.6167030334473,15.6477680206299
"798",2200,2500,15.3986024856567,15.6123266220093
"799",2300,2500,13.2111806869507,11.9839630126953
"800",2400,2500,12.5944499969482,16.3428153991699
"801",2500,2500,9.4468355178833,16.4670391082764
"802",2600,2500,10.9097747802734,14.3924751281738
"803",2700,2500,9.99075603485107,13.6361751556396
"804",2800,2500,9.83892059326172,13.7446784973145
"805",2900,2500,7.11572217941284,15.8973731994629
"806",3000,2500,8.43387603759766,15.5913200378418
"817",1000,2600,13.1622104644775,13.449800491333
"818",1100,2600,7.64729785919189,11.0692930221558
"819",1200,2600,1.37661457061768,10.5723276138306
"820",1300,2600,6.62041187286377,15.9527606964111
"821",1400,2600,7.34119701385498,20.4015483856201
"822",1500,2600,6.75455141067505,19.9383392333984
"823",1600,2600,6.69748401641846,12.8508367538452
"824",1700,2600,5.46652507781982,15.2815475463867
"825",1800,2600,9.87153339385986,14.5282535552979
"826",1900,2600,9.36428165435791,12.5989103317261
"827",2000,2600,11.4840097427368,13.0456628799438
"828",2100,2600,14.7607469558716,12.5400943756104
"829",2200,2600,12.0425157546997,13.9770183563232
"830",2300,2600,14.1775121688843,13.8123903274536
"831",2400,2600,14.1425714492798,18.6975288391113
"832",2500,2600,11.0974655151367,22.2312755584717
"833",2600,2600,8.84071159362793,23.3091716766357
"834",2700,2600,11.5710582733154,17.3986759185791
"835",2800,2600,11.8131074905396,19.892993927002
"836",2900,2600,7.78107690811157,15.572452545166
"837",3000,2600,7.50417375564575,13.7107009887695
"848",1000,2700,11.5570707321167,17.6589393615723
"849",1100,2700,7.89176654815674,13.9142646789551
"850",1200,2700,2.75178408622742,13.5262422561646
"851",1300,2700,3.00285506248474,19.7964782714844
"852",1400,2700,3.34044885635376,23.8408050537109
"853",1500,2700,4.58742618560791,18.1696109771729
"854",1600,2700,5.35812759399414,17.7486209869385
"855",1700,2700,7.62161254882812,15.4809665679932
"856",1800,2700,7.90325880050659,13.3762969970703
"857",1900,2700,12.7150812149048,16.3215789794922
"858",2000,2700,11.298638343811,11.6200771331787
"859",2100,2700,10.5920782089233,16.5426959991455
"860",2200,2700,10.8417177200317,16.7791690826416
"861",2300,2700,8.82351493835449,15.2386980056763
"862",2400,2700,8.47888565063477,16.4916324615479
"863",2500,2700,11.4077405929565,21.4055843353271
"864",2600,2700,10.6166524887085,20.7017154693604
"865",2700,2700,9.80170822143555,18.7246398925781
"866",2800,2700,7.46309614181519,18.0094547271729
"867",2900,2700,11.407829284668,14.4652042388916
"868",3000,2700,8.33294582366943,12.5254287719727
"879",1000,2800,11.2680187225342,13.9424848556519
"880",1100,2800,8.74886989593506,14.9537525177002
"881",1200,2800,5.89989757537842,15.0348310470581
"882",1300,2800,4.8893027305603,18.5014362335205
"883",1400,2800,3.84181809425354,16.4372444152832
"884",1500,2800,7.10117101669312,19.4172859191895
"885",1600,2800,6.1135196685791,18.1496562957764
"886",1700,2800,8.98946285247803,16.0507125854492
"887",1800,2800,6.1755313873291,14.7159881591797
"888",1900,2800,11.7548160552979,17.8681812286377
"889",2000,2800,13.3370552062988,14.5707712173462
"890",2100,2800,7.53524971008301,14.8844509124756
"891",2200,2800,9.31869125366211,14.9164714813232
"892",2300,2800,7.02008295059204,17.3285636901855
"893",2400,2800,9.10571098327637,13.3245315551758
"894",2500,2800,9.82509326934814,15.9733381271362
"895",2600,2800,8.06346130371094,19.8685111999512
"896",2700,2800,4.78945732116699,18.9319267272949
"897",2800,2800,8.73263263702393,17.5027770996094
"898",2900,2800,5.1154088973999,15.1028614044189
"899",3000,2800,14.3936929702759,4.45691251754761
"910",1000,2900,5.9132399559021,12.1284923553467
"911",1100,2900,5.96822690963745,13.0650520324707
"912",1200,2900,7.9027738571167,17.9088191986084
"913",1300,2900,8.52198314666748,22.3343505859375
"914",1400,2900,3.92883467674255,21.0192432403564
"915",1500,2900,3.3577618598938,24.1348438262939
"916",1600,2900,6.72531843185425,23.2144527435303
"917",1700,2900,9.72828102111816,17.2471237182617
"918",1800,2900,10.9812040328979,16.3239479064941
"919",1900,2900,11.0147294998169,20.9096717834473
"920",2000,2900,11.3009052276611,16.9825077056885
"921",2100,2900,7.13884305953979,13.2812776565552
"922",2200,2900,4.46048831939697,16.5102806091309
"923",2300,2900,4.72230386734009,10.9302387237549
"924",2400,2900,4.84841060638428,16.0660266876221
"925",2500,2900,8.32317352294922,18.0258083343506
"926",2600,2900,6.53910112380981,18.5256309509277
"927",2700,2900,7.70917272567749,20.8829727172852
"928",2800,2900,6.65642499923706,16.2875938415527
"929",2900,2900,6.12845659255981,15.4035291671753
"930",3000,2900,12.5573120117188,5.8645396232605
"941",1000,3000,9.02112674713135,14.6476182937622
"942",1100,3000,11.2326765060425,18.5425109863281
"943",1200,3000,6.52689218521118,21.607889175415
"944",1300,3000,7.34900236129761,23.099006652832
"945",1400,3000,2.91779851913452,19.765308380127
"946",1500,3000,7.73854541778564,25.4429302215576
"947",1600,3000,5.14664125442505,25.0174331665039
"948",1700,3000,5.82546424865723,17.1445217132568
"949",1800,3000,10.208345413208,13.7292594909668
"950",1900,3000,12.6106595993042,18.7034797668457
"951",2000,3000,11.2452688217163,16.8037509918213
"952",2100,3000,10.2629899978638,17.6042251586914
"953",2200,3000,8.80084800720215,16.3643894195557
"954",2300,3000,7.32202863693237,13.5594263076782
"955",2400,3000,5.23215246200562,13.2852802276611
"956",2500,3000,11.2159976959229,13.3344030380249
"957",2600,3000,9.40746402740479,17.0573081970215
"958",2700,3000,8.88222885131836,15.7317495346069
"959",2800,3000,6.88091850280762,20.1814785003662
"960",2900,3000,4.45573997497559,15.3805084228516
"961",3000,3000,9.47004318237305,11.6867923736572
"2100",2544,1972,12.5106496810913,15.0318775177002
"962",1842,989,7.62702465057373,17.3311767578125
"2010",2235,2386,11.5521593093872,13.71351146698
"2210",2219,2774,8.15233516693115,12.598858833313
"4010",2972,988,9.37863063812256,19.1510925292969
"5010",1071,1567,10.8701467514038,14.1607217788696
"5610",1879,1171,7.61304140090942,14.4482336044312
"7110",2908,1263,7.14326810836792,14.1835498809814
"8010",2319,2405,9.90780448913574,16.2429428100586
"8610",3271,2160,7.40292644500732,16.5220985412598
"971",3175,2102,8.31759548187256,17.5067291259766
"1021",2933,978,8.56737041473389,18.7174854278564
"1101",1392,1846,8.2382345199585,14.0417947769165
"1201",3044,1123,8.18467426300049,14.3902063369751
"1221",3136,2091,8.94157981872559,14.5478429794312
"1451",1315,1975,7.4624285697937,19.2431201934814
"1551",2310,2732,10.0518741607666,17.8079586029053
"1581",1839,995,6.45886611938477,18.4852066040039
"1591",1706,1165,5.53321409225464,16.0872402191162
"1651",1897,1220,6.37483167648315,18.0521926879883
"1881",1651,1157,6.13286161422729,19.0488700866699
"1931",1350,1970,6.82684707641602,17.4712333679199
"1951",1837,1037,6.03529262542725,16.0262508392334
"2011",2327,2417,12.3639116287231,16.611011505127
"2021",2504,1965,8.71894359588623,13.6026020050049
"2071",3085,1214,10.3277034759521,11.6454219818115
"2091",3025,1201,8.50965690612793,17.1140232086182
"2111",2234,2737,8.05235862731934,15.892448425293
"2131",2224,2728,9.00721836090088,15.0120029449463
"2931",3061,2025,13.5080194473267,15.5950336456299
"3011",2909,1334,7.48610639572144,17.1906757354736
"3021",2102,2597,15.1202716827393,16.0397491455078
"3031",1797,1215,11.3317947387695,18.7936782836914
